id,title,date,author,link,content,dateRead
1,Пушилин сообщил о попытках ВСУ перебросить технику в Марьинку,"Fri, 20 Jan 2023 18:21:24 +0300",Кристина Есикова,https://lenta.ru/news/2023/01/20/marvsu/,"Вооруженные силы Украины (ВСУ) пытаются перебросить технику в Марьинку, сообщил временно исполняющий обязанности главы Донецкой народной республики (ДНР) Денис Пушилин.",2023-01-20 17:25:03.910670
2,Названы самые популярные форматы жилья для покупки в ипотеку в 2023 году,"Fri, 20 Jan 2023 18:18:23 +0300",Полина Кислицына,https://lenta.ru/news/2023/01/20/ipoteka_zapros/,"Самыми популярными форматами жилья, которые будут приобретать по семейной ипотеке, в 2023 году станут двух- и трехкомнатные квартиры, а также малометражные лоты. По словам девелоперской компании «Мармакс», из-за изменения условий семейной ипотеки предпочтения покупателей также трансформируются.",2023-01-20 17:25:03.911670
3,Перечислены самые бесполезные аксессуары для смартфонов,"Fri, 20 Jan 2023 18:18:01 +0300",Андрей Ставицкий,https://lenta.ru/news/2023/01/20/ne_pokupai/,"Авторы издания SlashGear перечислили самые бесполезные аксессуары для смартфона. В первую очередь журналисты выделили миниатюрные беспроводные принтеры, которые способны печатать компактные фотографии напрямую со смартфона. «Пустой тратой денег» авторы назвали чехлы на телефон со встроенным аккумулятором.",2023-01-20 17:25:03.911670
4,В Сирии убили местного главаря ИГ,"Fri, 20 Jan 2023 18:14:45 +0300",Виктория Кондратьева,https://lenta.ru/news/2023/01/20/isiskilled/,"Сотрудники сил безопасности Сирии провели спецоперацию против террористического подполья в провинции Дераа на юге республики. В результате был убит один из главарей террористической группировки «Исламское государство» (ИГ, запрещена в России) Мухаммад Али аш-Шагури (также известен как Абу Омар аш-Шагури).",2023-01-20 17:25:03.911670
5,Емельяненко высказался о скандальном видео со своим участием,"Fri, 20 Jan 2023 18:10:12 +0300",Ксения Курашкина,https://lenta.ru/news/2023/01/20/emelianenko/,"Боец ММА Александр Емельяненко высказался о попавшем в сеть видео, на котором он запечатлен в состоянии алкогольного опьянения. «Нельзя дружить только с солнечной стороной человека. Учитесь принимать его целостным», — заявил он. Ранее менеджер бойца Никита Бурчак признал, что Емельяненко в момент инцидента был пьян.",2023-01-20 17:25:03.911670
6,В ДНР предрекли оперативное окружение Артемовска,"Fri, 20 Jan 2023 18:10:00 +0300",Алевтина Запольская,https://lenta.ru/news/2023/01/20/okruzhenie/,Ситуация в Артемовске близка к оперативному окружению. Об этом заявил врио главы Донецкой народной республики (ДНР) Денис Пушилин.,2023-01-20 17:25:03.911670
7,Эрдоган провел телефонный разговор с Зеленским,"Fri, 20 Jan 2023 18:10:00 +0300",Анжелика Бережная,https://lenta.ru/news/2023/01/20/erdogan_ze/,"Президент Турции Реджеп Тайип Эрдоган провел телефонный разговор с украинским лидером Владимиром Зеленским и заявил о готовности быть посредником в установлении мира между Россией и Украиной. В ходе беседы политики также обсудили гуманитарную помощь, энергетическую поддержку украинской стороны и зерновую сделку.",2023-01-20 17:25:03.911670
8,«Победа» после решения суда изменит правила провоза ручной клади,"Fri, 20 Jan 2023 18:09:00 +0300",Дарья Рыбак,https://lenta.ru/news/2023/01/20/pobeda/,Авиакомпания «Победа» после решения Верховного суда России о незаконности ее правил провоза ручной клади изменит формулировки требований для пассажиров. Для выполнения судебных предписаний лоукостер уточнит формулировки правил провоза ручной клади: дамской сумки и портфеля.,2023-01-20 17:25:03.912640
9,Стали известны подробности ранения российской журналистки в Соледаре,"Fri, 20 Jan 2023 18:06:00 +0300",Олег Давыдов,https://lenta.ru/news/2023/01/20/readovka_journ/,"Стали известны подробности ранения военной корреспондентки российского интернет-издания Readovka Анастасии Елсуковой. Редакция издания сообщила в своем Telegram-канале, что у журналистки серьезно повреждены колено и бедро. Отмечается, что Елсукова попала под обстрел вместе с группой других корреспондентов.",2023-01-20 17:25:03.912640
10,В Турции ЧВК Эрдогана обвинили в репрессиях,"Fri, 20 Jan 2023 18:03:00 +0300",Глеб Бажуткин,https://lenta.ru/news/2023/01/20/erdoganbabamizmi/,"Представители национально-республиканской партии (НРП) Турции получают угрозы от представителей турецкой частной военной компании (ЧВК) SADAT. «Полувоенная организация SADAT создана в рамках турецких законов с целью совершения преступлений, она является преступной структурой», — заявил замглавы НРП Бюлент Тезджан.",2023-01-20 17:25:03.912640
11,Маск поддержал отказавшегося надеть форму с ЛГБТ-символикой Проворова,"Fri, 20 Jan 2023 18:23:02 +0300",RT на русском,https://russian.rt.com/sport/news/1100087-provorov-filadelfiya-nhl?utm_source=rss&utm_medium=rss&utm_campaign=RSS," Глава американской компании Tesla Илон Маск оставил комментарий с поддержкой российского защитника клуба Национальной хоккейной лиги (НХЛ) «Филадельфия Флайерз» Ивана Проворова, который отказался надеть форму с ЛГБТ-символикой. Читать далее",2023-01-20 17:25:35.925103
12,МВД: более 214 тысяч правонарушений в сфере миграции выявили в Москве в 2022 году,"Fri, 20 Jan 2023 18:22:22 +0300",RT на русском,https://russian.rt.com/russia/news/1100086-narusheniya-migranty-moskva?utm_source=rss&utm_medium=rss&utm_campaign=RSS, Более 214 тыс. административных правонарушений миграционного законодательства выявили в Москве в прошедшем году. Читать далее,2023-01-20 17:25:35.925103
13,Пушилин: освобождение Клещеевки кардинально улучшило позиции российских сил у Соледара,"Fri, 20 Jan 2023 18:12:41 +0300",RT на русском,https://russian.rt.com/ussr/news/1100081-pushilin-uluchshenie-pozicii-klescheevka?utm_source=rss&utm_medium=rss&utm_campaign=RSS,"Временно исполняющий обязанности главы Донецкой Народной Республики Денис Пушилин заявил, что освобождение Клещеевки кардинально улучшило позиции российских сил у Соледара. Читать далее",2023-01-20 17:25:35.925103
14,"Ари: если бы не тюрьма, Кокорин играл бы в «Баварии» или «Манчестер Сити»","Fri, 20 Jan 2023 18:12:28 +0300",RT на русском,https://russian.rt.com/sport/news/1100084-kokorin-aris-futbol?utm_source=rss&utm_medium=rss&utm_campaign=RSS," Бывший нападающий московского «Спартака» и «Краснодара» Ари считает, что форвард «Ариса» Александр Кокорин мог бы проявить себя в лучших европейских клубах. Читать далее",2023-01-20 17:25:35.925103
15,В Татарстане рассказали о реализации национального проекта «Экология»,"Fri, 20 Jan 2023 18:11:42 +0300",RT на русском,https://russian.rt.com/russia/news/1100079-tatarstan-rubl-ekologiya?utm_source=rss&utm_medium=rss&utm_campaign=RSS," С 2023 по 2027 год Татарстан проведёт работы по национальному проекту «Экология» на сумму 8,7 млрд рублей. Читать далее",2023-01-20 17:25:35.925103
16,Генпрокуратура Украины объявила о подозрении в госизмене трём спасателям из Мелитополя,"Fri, 20 Jan 2023 18:09:29 +0300",RT на русском,https://russian.rt.com/ussr/news/1100080-genprokuratura-ukraina-podozrenie-gosizmena?utm_source=rss&utm_medium=rss&utm_campaign=RSS, Генеральная прокуратура Украины предъявила подозрение в госизмене трём спасателям из Мелитополя. Об этом сообщили в пресс-службе ведомства. Читать далее,2023-01-20 17:25:35.925103
17,AFP: глава МИД Габона Адамо умер от сердечного приступа на заседании совета министров,"Fri, 20 Jan 2023 18:07:24 +0300",RT на русском,https://russian.rt.com/world/news/1100075-gabon-glava-mid?utm_source=rss&utm_medium=rss&utm_campaign=RSS, Глава МИД Габона Микаэль Муса Адамо скончался в Либревиле после сердечного приступа во время заседания совета министров. Читать далее,2023-01-20 17:25:35.926108
18,Посол КНР: Россия и Китай непрерывно углубляют взаимное доверие,"Fri, 20 Jan 2023 18:00:37 +0300",RT на русском,https://russian.rt.com/world/news/1100068-posol-kitai-rossiya-otnosheniya?utm_source=rss&utm_medium=rss&utm_campaign=RSS," Посол КНР в России Чжан Ханьхуэй заявил, что Россия и Китай непрерывно углубляют взаимное доверие и тесно координируют позиции по международным вопросам. Читать далее",2023-01-20 17:25:35.926108
19,ЦСКА хочет добиться уменьшения суммы трансфера за Эджуке в «Херенвен»,"Fri, 20 Jan 2023 17:55:57 +0300",RT на русском,https://russian.rt.com/sport/news/1100078-edzhuke-cska-rpl?utm_source=rss&utm_medium=rss&utm_campaign=RSS, Директор по коммуникациям московского ЦСКА Кирилл Брейдо рассказал о ситуации с долгом перед голландским «Херенвеном» за трансфера нападающего Чидера Эджуке. Читать далее,2023-01-20 17:25:35.926108
20,В Энергодаре заявили об опасности разрушения промышленных объектов из-за ударов ВСУ,"Fri, 20 Jan 2023 17:54:37 +0300",RT на русском,https://russian.rt.com/ussr/news/1100077-energodar-opasnost-razrusheniya?utm_source=rss&utm_medium=rss&utm_campaign=RSS," Глава администрации Энергодара Эдуард Сеновоз заявил, что удары Вооружённых сил Украины не носят системного характера, но опасность разрушения промышленных объектов сохраняется. Читать далее",2023-01-20 17:25:35.926108
21,В ДНР предрекли оперативное окружение Артемовска,"Fri, 20 Jan 2023 18:15:12 +0300",Lenta.ru,https://news.rambler.ru/army/50064873-v-dnr-predrekli-operativnoe-okruzhenie-artemovska/,"Ситуация в Артемовске близка к оперативному окружению. Об этом заявил врио главы Донецкой народной республики (ДНР) Денис Пушилин, передает РИА Новости.",2023-01-20 17:25:39.263032
22,В Абакане загорелась жилая многоэтажка,"Fri, 20 Jan 2023 17:55:03 +0300",BFM.RU,https://news.rambler.ru/incidents/50064750-v-abakane-zagorelas-zhilaya-mnogoetazhka/,"Пожар произошел в жилом многоэтажном доме в Абакане. Из здания эвакуировали 87 человек, пять из них — дети, при тушении пострадал один пожарный.",2023-01-20 17:25:39.264036
23,Раскрыт гонорар казненного в Иране британского шпиона,"Fri, 20 Jan 2023 18:14:21 +0300",Lenta.ru,https://news.rambler.ru/world/50064788-raskryt-gonorar-kaznennogo-v-irane-britanskogo-shpiona/,Казненный за шпионаж на британскую разведку MI6 бывший советник экс-министра обороны Ирана Алиреза Акбари получил от правительства Великобритани более двух миллионов евро.,2023-01-20 17:25:39.264036
24,Под Соледаром взят в плен элитный коммандос США Майкл Винтер,"Fri, 20 Jan 2023 18:15:39 +0300",Российская Газета,https://news.rambler.ru/army/50064827-pod-soledarom-vzyat-v-plen-elitnyy-kommandos-ssha-maykl-vinter/,Под Соледаром добровольцы штурмовых отрядов взяли в плен элитного коммандос из отряда морской пехоты США Майкла Винтера. Об этом сообщают в ТГ-канале «Осташко! Важное».,2023-01-20 17:25:39.264036
25,В Рамштайне не смогли согласовать вопрос о танках Украине,"Fri, 20 Jan 2023 17:00:19 +0300",Рамблер,https://news.rambler.ru/army/50064361-v-ramshtayne-ne-smogli-soglasovat-vopros-o-tankah-ukraine/,"Новый министр обороны Германии Борис Писториус заявил, что контактная группа по поддержке Украины членами и союзниками НАТО не смогла достичь единого мнения по вопросу поставок немецких танков Украине.",2023-01-20 17:25:39.264036
26,На Украине назвали сроки принятия законопроекта о запрете УПЦ,"Fri, 20 Jan 2023 17:30:09 +0300",Lenta.ru,https://news.rambler.ru/world/50064515-na-ukraine-nazvali-sroki-prinyatiya-zakonoproekta-o-zaprete-upts/,"Законопроект о запрете Украинской православной церкви (УПЦ) могут принять до конца зимы. Такие сроки назвал депутат Верховной Рады Федор Вениславский, его слова передает ТАСС.",2023-01-20 17:25:39.264036
27,ЦАР попросила увеличить контингент военных инструкторов из России,"Fri, 20 Jan 2023 17:48:33 +0300",Lenta.ru,https://news.rambler.ru/army/50064430-tsar-poprosila-uvelichit-kontingent-voennyh-instruktorov-iz-rossii/,"Центральноафриканская республика (ЦАР) рассчитывает на увеличение контингента военных инструкторов из России, заявил премьер-министр республики Феликс Молуа. Его цитирует РИА Новости.",2023-01-20 17:25:39.265031
28,В Молдавии заподозрили Россию в желании вернуть себе советское пространство,"Fri, 20 Jan 2023 16:55:16 +0300",Lenta.ru,https://news.rambler.ru/world/50064110-v-moldavii-zapodozrili-rossiyu-v-zhelanii-vernut-sebe-sovetskoe-prostranstvo/,"В Молдавии допустили, что Россия хочет вернуть себе советское пространство. Такое мнение высказал председатель партии «Коалиция за единство и благосостояние» Игорь Мунтяну, пишет Point. md.",2023-01-20 17:25:39.265031
29,В Австралии нашли крупнейшую в мире жабу,"Fri, 20 Jan 2023 17:33:36 +0300",Рамблер,https://news.rambler.ru/tech/50064600-v-avstralii-nashli-krupneyshuyu-v-mire-zhabu/,На севере Австралии обнаружили огромную тростниковую жабу весом почти в 3 килограмма. Об этом сообщает местный телеканал ABC.,2023-01-20 17:25:39.265031
30,На Украине собрались судить лишенного гражданства Медведчука,"Fri, 20 Jan 2023 16:58:24 +0300",Lenta.ru,https://news.rambler.ru/world/50063651-na-ukraine-sobralis-sudit-lishennogo-grazhdanstva-medvedchuka/,Председателя политсовета запрещенной на Украине партии «Оппозиционной платформы — За жизнь» (ОПЗЖ) Виктора Медведчука собрались судить по статье о государственной измене. Об этом пишет РИА Новости.,2023-01-20 17:25:39.265031
31,Президент Грузии выступила против открытия прямого авиасообщения с Россией,"Fri, 20 Jan 2023 16:00:10 +0300",,https://news.mail.ru/politics/54737678/,Президент Грузии Саломе Зурабишвили выступила против идеи о возобновлении прямого авиасообщения с Россией и призвала ужесточить правила нахождения граждан РФ на территории страны. Об этом говорится в заявлении на сайте грузинского лидера.,2023-01-20 17:25:41.261526
32,Макрон анонсировал увеличение военного бюджета Франции,"Fri, 20 Jan 2023 15:31:33 +0300",,https://news.mail.ru/politics/54737092/,"Президент Франции Эммануэль Макрон сообщил, что военный бюджет страны будет увеличен на треть, до €400 млрд, в период с 2024 по 2030 год.",2023-01-20 17:25:41.261526
33,Мобилизованных многодетных отцов из Забайкалья вернут домой,"Fri, 20 Jan 2023 14:42:27 +0300",,https://news.mail.ru/politics/54736324/,"Многодетные отцы из Забайкальского края, которые были мобилизованы в рамках частичной мобилизации, вернутся домой. Об этом сообщил губернатор Александр Осипов на своей странице «ВКонтакте».",2023-01-20 17:25:41.261526
34,Путин на Совбезе обсудил ход СВО,"Fri, 20 Jan 2023 14:21:11 +0300",,https://news.mail.ru/politics/54735968/,"Президент России Владимир Путин на заседании Совбеза в пятницу обсудил ход проведения специальной военной операции на Украине. По словам пресс-секретаря главы государства Дмитрия Пескова, на оперативном совещании был заслушан доклад министра обороны Сергея Шойгу о посещении штаба операции.",2023-01-20 17:25:41.261526
35,ВС России освободили населенный пункт Лобковое в Запорожской области,"Fri, 20 Jan 2023 14:09:40 +0300",,https://news.mail.ru/politics/54735653/,"МОСКВА, 20 янв — РИА Новости. Российские военные освободили Лобковое в Запорожской области, на этом направлении потери украинских войск составили до 90 военных, заявили в пятницу в Минобороны РФ.",2023-01-20 17:25:41.261526
36,На базе Рамштайн в Германии началась встреча союзников Украины,"Fri, 20 Jan 2023 13:51:33 +0300",,https://news.mail.ru/politics/54735330/,"На немецкой авиабазе Рамштайн стартовала встреча союзников Украины. Она посвящена усилению военной поддержки Украины, в том числе обсуждению поставок тяжелой техники. На встрече присутствуют делегации более чем из 50 стран.",2023-01-20 17:25:41.261526
37,Пентагон заявил о решающем моменте в конфликте на Украине,"Fri, 20 Jan 2023 12:56:58 +0300",,https://news.mail.ru/politics/54734463/,"Министр обороны США Ллойд Остин заявил, что в конфликте на Украине может наступить решающий для нее момент. Его слова приводит РИА Новости.",2023-01-20 17:25:41.261526
38,"Песков констатировал, что конфликт на Украине развивается по восходящей","Fri, 20 Jan 2023 12:40:43 +0300",,https://news.mail.ru/politics/54734107/,"Вовлечение в него НАТО растет, заявил пресс-секретарь президента РФ.",2023-01-20 17:25:41.262527
39,Песков прокомментировал публикации о продолжении частичной мобилизации,"Fri, 20 Jan 2023 12:37:27 +0300",,https://news.mail.ru/politics/54734033/,"По словам пресс-секретаря президента РФ, в рамках частичной мобилизации обеспечили необходимое число людей.",2023-01-20 17:25:41.262527
40,В ДНР сообщили о взятии села Клещеевка около Артемовска,"Fri, 20 Jan 2023 12:20:02 +0300",,https://news.mail.ru/politics/54733263/,"Село Клещеевка в ДНР полностью перешло под контроль российских войск, сообщил в телеграм-канале штаб территориальной обороны ДНР.",2023-01-20 17:25:41.262527
41,Перепродажи домов в США в декабре упали до минимума с ноября 2010 года,"Fri, 20 Jan 2023 18:10:00 +0300",,https://www.interfax.ru/business/881650,"Продажи на вторичном рынке жилья в США в декабре 2022 года уменьшились на 1,5% относительно предыдущего месяца и составили 4,02 млн домов в пересчете на годовые темпы, говорится в отчете Национальной ассоциации риелторов (NAR).",2023-01-20 17:25:42.263644
42,Россия и Туркменистан расширят сотрудничество в рыбном хозяйстве,"Fri, 20 Jan 2023 18:00:00 +0300",,https://www.interfax.ru/russia/881649,"Россия и Туркменистан намерены расширять сотрудничество в рыбном хозяйстве, следует из меморандума о взаимопонимании между Росрыболовством и Министерством финансов и экономики Туркменистана, сообщает Росрыболовство.",2023-01-20 17:25:42.263644
43,Российские и белорусские летчики отработали боевое применение на учениях,"Fri, 20 Jan 2023 17:58:00 +0300",,https://www.interfax.ru/russia/881648,"На продолжающихся в Белоруссии совместных с Россией летно-тактических учениях авиационные подразделения выполнили задачи боевого применения, сообщило белорусское Минобороны   ""Все экипажи отработали по запланированному заданию.",2023-01-20 17:25:42.264644
44,Пять регионов РФ снизили тарифы на электроэнергию после замечаний ФАС,"Fri, 20 Jan 2023 17:56:00 +0300",,https://www.interfax.ru/russia/881647,"Тарифные органы пяти регионов РФ после реакции Федеральной антимонопольной службы (ФАС) снизили тарифы на электроэнергию, сообщило ведомство в пятницу.",2023-01-20 17:25:42.264644
45,Что произошло в мире технологий за неделю. Вечерний дайджест,"Fri, 20 Jan 2023 17:45:00 +0300",,https://www.interfax.ru/digital/881639,Одной из главных тем уходящей недели по-прежнему были массовые сокращения в IT-гигантах.,2023-01-20 17:25:42.264644
46,"Нидерландский футболист Депай перешел из ""Барселоны"" в ""Атлетико""","Fri, 20 Jan 2023 17:36:00 +0300",,https://www.sport-interfax.ru/881645,"Нападающий сборной Нидерландов по футболу Мемфис Депай стал игроком ""Атлетико"", сообщает пресс-служба мадридского клуба.",2023-01-20 17:25:42.264644
47,Узбекистан на четыре месяца прекратит экспортировать лук,"Fri, 20 Jan 2023 17:36:00 +0300",,https://www.interfax.ru/world/881644,"В Узбекистане запретили экспорт репчатого лука с января и до начала мая для стабилизации цен и удовлетворения внутреннего спроса, сообщил представитель Минсельхоза.",2023-01-20 17:25:42.264644
48,Нидерланды готовы передать Украине F-16 в случае запроса,"Fri, 20 Jan 2023 17:19:00 +0300",,https://www.interfax.ru/world/881643,"Правительство Нидерландов, если это потребуется, будет готово рассматривать вопрос о передаче Украине танков Leopard-2 и самолетов F-16, сообщает EFE со ссылкой на главу нидерландского МИД Вопке Хукстру.",2023-01-20 17:25:42.264644
49,"Глава Нефтяного фонда Норвегии спрогнозировал ""долгий период очень низкой доходности""","Fri, 20 Jan 2023 17:13:00 +0300",,https://www.interfax.ru/world/881642,"Мировые инвесторы столкнутся с длительным периодом крайне низкой доходности активов, поскольку последствия экономических потрясений прошлого года только начинают проявляться, сказал глава Norges Bank Investment Management (NBIM) Николай Танген.",2023-01-20 17:25:42.264644
50,"Тариф ""Платона"" с 1 февраля вырастет на 30 коп., до 2,84 руб./км","Fri, 20 Jan 2023 17:06:00 +0300",,https://www.interfax.ru/business/881641,"Тариф госсистемы взимания платы с грузовиков массой более 12 тонн за проезд по федеральным автодорогам ""Платон"" с 1 февраля 2023 года будет проиндексирован на 30 копеек: с текущих 2,54 руб./км до 2,84 руб./км, сообщило Федеральное дорожное агентство (Росавтодор).",2023-01-20 17:25:42.265615
61,В Абакане пожарные спасли 87 человек при возгорании в многоэтажке,"Fri, 20 Jan 2023 18:24:54 +0300",,https://ria.ru/20230120/pozhar-1846356825.html,,2023-01-20 17:25:44.982315
62,"В Киеве задает тон оголтелая ""Партия войны"", заявил МИД","Fri, 20 Jan 2023 18:23:21 +0300",,https://ria.ru/20230120/voyna-1846356329.html,,2023-01-20 17:25:44.983351
63,МИД назвал обеспокоенность Запада жертвами на Украине лицемерной,"Fri, 20 Jan 2023 18:22:46 +0300",,https://ria.ru/20230120/zhertvy-1846356203.html,,2023-01-20 17:25:44.983351
64,В МИД прокомментировали встречу стран НАТО на базе Рамштайн,"Fri, 20 Jan 2023 18:18:26 +0300",,https://ria.ru/20230120/ramshtayn-1846354393.html,,2023-01-20 17:25:44.983351
65,Украинские войска выпустили по Горловке пять снарядов натовского калибра,"Fri, 20 Jan 2023 18:16:37 +0300",,https://ria.ru/20230120/gorlovka-1846353270.html,,2023-01-20 17:25:44.983351
66,Названы города мира с самыми высокими доходами от туризма,"Fri, 20 Jan 2023 18:15:32 +0300",,https://ria.ru/20230120/parizh-1846352160.html,,2023-01-20 17:25:44.983351
67,Эрдоган подтвердил Зеленскому готовность стать посредником с Россией,"Fri, 20 Jan 2023 18:10:10 +0300",,https://ria.ru/20230120/ukraina-1846349083.html,,2023-01-20 17:25:44.983351
68,Пушилин рассказал о позиции российских сил в районе Соледара,"Fri, 20 Jan 2023 18:05:39 +0300",,https://ria.ru/20230120/klescheevka-1846346974.html,,2023-01-20 17:25:44.983351
69,Пушилин сообщил о переброске украинских резервов в район Марьинки,"Fri, 20 Jan 2023 18:03:56 +0300",,https://ria.ru/20230120/rezervy-1846346411.html,,2023-01-20 17:25:44.984316
70,"Пушилин заявил, что ситуация в Артемовске близка к оперативному окружению","Fri, 20 Jan 2023 18:02:21 +0300",,https://ria.ru/20230120/artemovsk-1846346230.html,,2023-01-20 17:25:44.984316
71,Сенатор Джабаров: Новые регионы РФ ни в каком международном признании не нуждаются,"Fri, 20 Jan 2023 18:25:04 +0300",,https://rg.ru/2023/01/20/senator-dzhabarov-novye-regiony-rf-ni-v-kakom-mezhdunarodnom-priznanii-ne-nuzhdaiutsia.html,"Четыре новых региона России не нуждаются ни в каком международном признании, заявил первый зампред Комитета Совета Федерации по международным делам Владимир Джабаров.",2023-01-20 17:25:46.936177
72,Почему топливный демпфер может быть скорректирован после 5 февраля,"Fri, 20 Jan 2023 18:14:00 +0300",,https://rg.ru/2023/01/20/pochemu-toplivnyj-dempfer-mozhet-byt-skorrektirovan-posle-5-fevralia.html,После эмбарго ЕС на импорт российских нефтепродуктов возможна корректировка демпфирующего механизма для бензина и дизеля. Сейчас его расчет привязан к экспортному нетбэку (цене топлива за вычетом транспортных расходов) в Северо-Западной Европе.,2023-01-20 17:25:46.936177
73,Мэрия Сочи до лета решила снести 13 аварийных домов,"Fri, 20 Jan 2023 18:12:03 +0300",,https://rg.ru/2023/01/20/reg-ufo/meriia-sochi-do-leta-reshila-snesti-13-avarijnyh-domov.html,"В Сочи определили 21 земельный участок, на котором расположены расселенные ветхие или аварийные дома. До июня согласно муниципальному контракту на 108 миллионов рублей, рассчитанному на два этапа, планируется снести 13 таких объектов.",2023-01-20 17:25:46.936177
74,Генпрокуратура Украины заподозрила в госизмене троих спасателей из Мелитополя,"Fri, 20 Jan 2023 18:11:04 +0300",,https://rg.ru/2023/01/20/genprokuratura-ukrainy-zapodozrila-v-gosizmene-troih-spasatelej-iz-melitopolia.html,Бывшему руководителю подразделения ГСЧС Украины в Мелитополе и двум его подчиненным объявлено о подозрении в государственной измене. Об этом сообщается в Telegram-канале офиса Генеральной прокуратуры Украины.,2023-01-20 17:25:46.937168
75,В Абакане 87 человек спасли при пожаре в многоэтажке,"Fri, 20 Jan 2023 18:06:01 +0300",,https://rg.ru/2023/01/20/reg-sibfo/v-abakane-87-chelovek-spasli-pri-pozhare-v-mnogoetazhke.html,"В Абакане при пожаре в многоэтажном доме на улице Жукова спасатели эвакуировали из здания 87 человек, сообщает ГУ МЧС по Хакасии.",2023-01-20 17:25:46.937168
76,Под Соледаром взят в плен элитный коммандос США Майкл Винтер,"Fri, 20 Jan 2023 18:03:05 +0300",,https://rg.ru/2023/01/20/pod-soledarom-vziat-v-plen-elitnyj-kommandos-ssha-majkl-vinter.html,"Под Соледаром добровольцы штурмовых отрядов взяли в плен элитного коммандос из отряда морской пехоты США Майкла Винтера. Об этом сообщают в ТГ-канале ""Осташко! Важное"".",2023-01-20 17:25:46.937168
77,Врио главы ДНР Пушилин: Ситуация в Артемовске близка к оперативному окружению,"Fri, 20 Jan 2023 18:01:28 +0300",,https://rg.ru/2023/01/20/vrio-glavy-dnr-pushilin-situaciia-v-artemovske-blizka-k-operativnomu-okruzheniiu.html,"Ситуация в Артемовске близка к оперативному окружению, бои идут уже внутри города. Об этом заявил врио главы ДНР Денис Пушилин.",2023-01-20 17:25:46.937168
78,Рогов: Взятие Лобкового сильно осложнило ВСУ переброску сил и боеприпасов,"Fri, 20 Jan 2023 18:00:10 +0300",,https://rg.ru/2023/01/20/rogov-vziatie-lobkovogo-silno-oslozhnilo-vsu-perebrosku-sil-i-boepripasov.html,"После взятия под контроль села Лобковое в Запорожской области, российские войска очень осложнили украинцам переброску войск и боеприпасов, заявил председатель движения ""Мы вместе с Россией"" Владимир Рогов в эфире радио ""Комсомольская правда"".",2023-01-20 17:25:46.937168
79,В Иркутской области мужчина и трое детей погибли при пожаре,"Fri, 20 Jan 2023 17:55:06 +0300",,https://rg.ru/2023/01/20/v-irkutskoj-oblasti-muzhchina-i-troe-detej-pogibli-pri-pozhare.html,"Житель города Слюдянка оставил детей одних, а когда начался пожар пытался вытащить их из горящего дома. Погибли четыре человека.",2023-01-20 17:25:46.937168
80,"Минкульт Украины запретил демонтировать танк ""Иосиф Сталин"" на западе страны","Fri, 20 Jan 2023 17:53:00 +0300",,https://rg.ru/2023/01/20/minkult-ukrainy-zapretil-demontirovat-tank-iosif-stalin-na-zapade-strany.html,"Министерство культуры Украины то ли решило не давать разрешения на демонтаж советского танка ""Иосиф Сталин"", который установлен на въезде в Дубно Ровненской области на западе Украины, то ли забыло о нем.",2023-01-20 17:25:46.937168
81,Елена Чайковская назначена главным тренером сборной России по фигурному катанию,"Fri, 20 Jan 2023 17:56:39 +0300",,https://www.kommersant.ru/doc/5782702,Министерство спорта России утвердило Елену Чайковскую в должности главного тренера сборной России по…,2023-01-20 17:25:47.915785
82,Эрдоган созвонился с Зеленским и пообещал внести «весомый вклад» в установление мира с Россией,"Fri, 20 Jan 2023 17:53:32 +0300",,https://www.kommersant.ru/doc/5782709,Президент Турции Реджеп Тайип Эрдоган провел телефонный разговор с украинским коллегой Владимиром Зеленским…,2023-01-20 17:25:47.915785
83,Плата для грузовиков по системе «Платон» вырастет на 30 копеек за километр пробега,"Fri, 20 Jan 2023 17:49:08 +0300",,https://www.kommersant.ru/doc/5782708,В рамках ежегодной индексации размер платы с грузовиков массой более 12 тонн за проезд по федеральным…,2023-01-20 17:25:47.915785
84,В Госдуме рассмотрят вопрос о сохранении пенсионных выплат на период мобилизации,"Fri, 20 Jan 2023 17:48:18 +0300",,https://www.kommersant.ru/doc/5782701,Поскольку мобилизованные военные пенсионеры—участники боевых действий на Украине «заслужили особое к…,2023-01-20 17:25:47.915785
85,Президент Швейцарии заявил о давлении по вопросу передачи Украине замороженных российских активов,"Fri, 20 Jan 2023 17:40:06 +0300",,https://www.kommersant.ru/doc/5782647,"Президент Швейцарии Иньяцио Кассис заявил, что страна ощущает давление международного сообщества, требующего…",2023-01-20 17:25:47.915785
86,МИД Британии заявил о намерении страны возглавить трибунал по Украине,"Fri, 20 Jan 2023 17:39:02 +0300",,https://www.kommersant.ru/doc/5782696,"Великобритания присоединилась к группе стран, добивающихся привлечения России к ответственности за конфликт…",2023-01-20 17:25:47.916786
87,В правительстве объяснили снижение показателей «дорожной карты» по развитию ИИ в РФ изменением методик подсчета,"Fri, 20 Jan 2023 17:34:31 +0300",,https://www.kommersant.ru/doc/5782651,"Снижение прогнозируемого объема рынка искусственного интеллекта (ИИ) в России со 160,1 млрд руб. (эти…",2023-01-20 17:25:47.916786
88,На жителя Керчи завели уголовное дело за экстремистский комментарий,"Fri, 20 Jan 2023 17:32:08 +0300",,https://www.kommersant.ru/doc/5782662,В отношении жителя Керчи возбудили уголовное дело за призывы в интернете к убийству российских военнослужащих…,2023-01-20 17:25:47.916786
89,Власти ЦАР заявили о намерении увеличить число российских инструкторов для обучения военных,"Fri, 20 Jan 2023 17:30:57 +0300",,https://www.kommersant.ru/doc/5782689,"Центральноафриканской республики Феликс Молуа заявил, что население просит увеличить присутствие российских…",2023-01-20 17:25:47.916786
90,В Воронежской области запретили полеты беспилотников,"Fri, 20 Jan 2023 17:17:26 +0300",,https://www.kommersant.ru/doc/5782685,Губернатор Воронежской области Александр Гусев на заседании оперштаба по вопросам спецоперации сегодня…,2023-01-20 17:25:47.916786
91,Дворцовый мост засверкает красным цветом в честь китайского Нового года,"Fri, 20 Jan 2023 18:24:35 +0300",,https://spb.mk.ru/social/2023/01/20/dvorcovyy-most-zasverkaet-krasnym-cvetom-v-chest-kitayskogo-novogo-goda.html,В Петербурге в честь китайского Нового года новую подсветку получит Дворцовой мост. Об этом сообщили в пресс-службе Смольного.,2023-01-20 17:25:48.781355
92,Директор мукомольного производства в Чувашии по неосторожности убил работника,"Fri, 20 Jan 2023 18:24:25 +0300",,https://cheb.mk.ru/incident/2023/01/20/direktor-mukomolnogo-proizvodstva-v-chuvashii-po-neostorozhnosti-ubil-rabotnika.html,"Халатное отношение к охране труда привели к гибели рабочего мукомольного производства в Чебоксарах, директор понесет уголовную ответственность.",2023-01-20 17:25:48.781355
93,Пушилин заявил о переброске резервов ВСУ в район Марьинки,"Fri, 20 Jan 2023 18:20:00 +0300",,https://www.mk.ru/politics/2023/01/20/pushilin-zayavil-o-perebroske-rezervov-vsu-v-rayon-marinki.html,В окрестностях Марьинки под Донецком концентрируются дополнительные силы украинской армии,2023-01-20 17:25:48.782355
94,Военный эксперт Костикин назвал последствия ядерного конфликта на планете,"Fri, 20 Jan 2023 18:19:43 +0300",,https://rzn.mk.ru/social/2023/01/20/voennyy-ekspert-kostikin-nazval-posledstviya-yadernogo-konflikta-na-planete.html,"Военный эксперт рассказал, как на Земле отразится ядерный конфликт",2023-01-20 17:25:48.782355
95,Соседняя с Курской область подверглась обстрелу ВСУ,"Fri, 20 Jan 2023 18:19:15 +0300",,https://chr.mk.ru/incident/2023/01/20/sosednyaya-s-kurskoy-oblast-podverglas-obstrelu-vsu.html,"Сегодня, 20 января, очередному обстрелу со стороны Украины подверглась соседняя с Соловьиным краем Белгородская область",2023-01-20 17:25:48.782355
96,"В Роспотребнадзоре объяснили, можно ли перевозить домашних животных в такси","Fri, 20 Jan 2023 18:19:11 +0300",,https://spb.mk.ru/social/2023/01/20/v-rospotrebnadzore-obyasnili-mozhno-li-perevozit-domashnikh-zhivotnykh-v-taksi.html,"Нередко пассажиры такси садятся в машину вместе с животными. В пресс-службе петербургского Роспотребнадзора объяснили, можно ли перевозить питомцев.",2023-01-20 17:25:48.782355
97,Более 20 млрд рублей Петербург потратит на лекарства для амбулаторного лечения горожан в 2023 году,"Fri, 20 Jan 2023 18:19:02 +0300",,https://spb.mk.ru/social/2023/01/20/bolee-20-mlrd-rubley-peterburg-potratit-na-lekarstva-dlya-ambulatornogo-lecheniya-gorozhan-v-2023-godu.html,В Петербурге объем финансирования лекарств при амбулаторном лечении c 2019 по 2023 год увеличился более чем в четыре раза. Об этом сообщила пресс-служба городского комитета по здравоохранению.,2023-01-20 17:25:48.782355
98,Праздник в день студента пройдет в псковском торговом центре,"Fri, 20 Jan 2023 18:17:39 +0300",,https://www.mk-pskov.ru/social/2023/01/20/prazdnik-v-den-studenta-proydet-v-pskovskom-torgovom-centre.html,Праздник в день студента пройдет в псковском торговом центре «Максимус»,2023-01-20 17:25:48.782355
99,Ограбившего ребенка мужчину задержали калининградские полицейские,"Fri, 20 Jan 2023 18:16:17 +0300",,https://www.mk-kaliningrad.ru/incident/2023/01/20/ograbivshego-rebenka-muzhchinu-zaderzhali-kaliningradskie-policeyskie.html,"В полицию Калининграда поступила информация, что около подъезда многоквартирного дома, который находится по улице Дзержинского, некто совершил нападение на 11-летнюю девочку, далее отобрал у нее смартфон и убежал",2023-01-20 17:25:48.782355
100,Эрдоган предложил Зеленскому посредничество в переговорах с Москвой,"Fri, 20 Jan 2023 18:15:30 +0300",,https://www.mk.ru/politics/2023/01/20/erdogan-predlozhil-zelenskomu-posrednichestvo-v-peregovorakh-s-moskvoy.html,Президент Турции Тайип Эрдоган предложил украинскому лидеру Владимиру Зеленскому посредничество Анкары в переговорах с Москвой в целях достижения мирного урегулирования,2023-01-20 17:25:48.783356
